,Grades
496,1
3463,1
7383,2
758,2
837,0
4395,1
6522,0
1022,0
8819,2
5697,0
5663,0
1057,2
7503,2
7582,1
3016,2
7903,2
2189,1
8302,1
2167,1
7211,2
1544,1
2935,0
1718,0
7845,0
4394,1
6328,1
724,1
3963,2
7983,0
7516,1
1127,1
3053,0
8724,2
4889,0
3206,0
3544,2
2215,0
5354,1
1561,2
5856,1
5023,1
7459,2
4252,1
4879,1
7861,2
4139,0
9807,2
2348,2
9699,1
2910,0
8912,0
2344,0
1392,1
7220,1
4922,0
2680,0
3399,1
8583,2
17,0
1770,2
1888,1
1642,0
132,2
6062,2
7535,1
7966,2
1095,0
4908,0
9966,1
7463,1
4640,2
2002,1
6849,2
168,0
5992,1
1919,2
3753,1
4625,1
2122,2
5739,0
9353,0
7272,1
7947,0
1298,0
6378,2
4629,1
3078,2
7501,1
1287,0
4423,1
8365,0
4486,1
8934,2
2013,1
5267,1
8565,2
6725,2
9521,1
6658,0
3693,0
9679,1
6772,1
449,1
2291,0
9286,2
810,2
7476,0
6589,0
7358,1
7122,1
9496,1
6608,2
6248,0
1477,0
1790,2
2008,1
682,1
3325,1
4248,1
6255,1
57,2
4374,1
4209,0
8491,1
7752,1
46,1
30,2
6501,2
4720,1
1468,2
1665,2
1416,2
2447,0
8046,1
4354,0
7348,2
2807,1
429,2
6593,1
3338,0
385,0
1945,2
4291,1
473,1
8374,2
9712,2
7103,0
1055,1
9278,1
5834,0
2523,2
5903,1
811,2
4645,1
2478,1
2455,2
4614,0
6319,0
111,2
8968,2
1745,1
2178,2
1452,1
2149,0
319,1
8908,2
9596,1
1922,1
6107,2
7652,2
3487,0
4342,0
2835,2
2129,1
9372,2
7580,2
8225,0
1052,2
4222,1
3991,2
99,1
6500,2
1456,1
9124,2
812,0
4884,0
7545,0
6857,2
4421,1
7058,0
6259,2
6559,0
5117,2
1414,2
540,2
5902,1
4003,2
9252,2
754,0
7386,1
3047,1
4593,0
9581,2
4989,0
7388,0
5804,1
2886,2
5477,1
5361,2
8539,1
5573,2
8221,1
4466,2
5982,0
601,1
5807,1
8978,0
3146,1
5837,0
4562,2
10025,2
1044,1
7442,2
1557,2
9738,2
9586,1
180,1
2115,1
1699,1
1379,1
8200,2
7335,2
6131,0
618,1
5261,2
9913,2
1600,2
7623,0
1615,1
8065,1
438,2
8559,2
2083,0
3127,0
3429,2
5198,0
5205,1
4977,0
7913,1
3245,0
5076,1
9149,2
1918,1
8385,0
5792,0
5465,2
3647,2
8143,2
2054,1
5942,1
9269,0
2225,2
9776,0
1126,1
3541,1
9368,2
8759,1
5180,2
1322,0
1603,2
5597,2
7533,2
9357,1
5146,1
8076,0
5072,1
9403,2
4580,1
6504,0
1559,0
8242,0
7666,1
3898,2
2625,0
9053,0
8438,1
1354,1
45,2
6220,0
748,1
4913,1
8582,1
8184,1
9774,1
9006,1
6109,2
5254,2
5632,0
2251,2
5217,1
2648,0
5454,2
6743,0
5866,0
6434,1
9635,1
4738,0
8112,1
9700,1
9478,1
664,1
9631,0
3105,1
3799,0
9661,1
7968,0
675,2
5709,2
2954,1
9369,0
1962,1
1840,0
8706,1
4233,1
3656,1
7852,1
7248,1
8218,0
5065,1
3723,1
9012,0
8030,2
411,0
613,1
7095,2
5289,1
1430,1
5169,1
9589,1
4860,1
4693,0
7007,0
1417,1
4202,0
604,2
1272,1
4097,2
6463,1
6762,0
3936,2
247,0
7333,0
1982,1
9751,0
5411,2
199,1
485,2
6176,1
3946,2
455,0
9860,0
8885,0
9707,1
1721,0
8077,1
3485,0
8233,1
5852,1
5896,1
3026,1
862,1
2094,1
947,0
5332,1
1444,2
1280,2
4783,1
4281,1
3710,0
2664,1
6117,1
2302,0
2004,1
3746,1
8762,1
1005,0
5212,1
7818,1
8651,2
9823,1
2132,2
4332,0
2057,1
4104,1
229,1
7572,1
7883,0
6087,2
2515,0
3526,1
8928,2
209,0
2846,2
5173,1
3044,2
7222,1
5129,2
1728,0
8981,2
337,0
5662,0
6003,0
7354,2
3838,1
1226,1
4094,0
4386,2
3918,2
8831,1
8146,2
2111,2
8829,1
7377,2
7313,1
1017,2
3859,2
4721,1
5090,1
1928,1
350,1
4004,2
7885,1
1934,1
8521,2
5747,2
564,2
1582,0
5397,1
2175,2
4952,0
8641,2
2228,2
1115,2
5558,2
2707,2
5125,0
4745,1
7584,0
821,2
2984,0
2272,0
5628,1
81,1
1323,1
4113,0
1614,2
831,1
4012,2
5227,1
2420,1
4535,2
2485,2
2609,0
1649,1
4147,1
6904,2
8109,0
6728,0
7431,0
7249,2
6993,1
7482,1
3844,1
2498,0
749,0
5351,1
2373,0
8045,0
5816,1
7488,2
5873,2
8425,1
4582,2
4718,0
3392,1
5378,0
4169,0
4489,2
6495,1
1139,2
7740,0
2231,1
2164,0
3058,0
6498,1
5898,1
2638,1
1570,0
172,0
7269,1
2087,2
5803,2
9051,1
7194,0
6431,2
4872,2
2769,0
1832,2
5186,0
3204,2
9190,1
6478,2
7064,1
7660,2
5133,1
834,1
2486,2
8395,1
9315,0
5610,0
3625,0
6491,2
7834,0
65,2
3060,2
3794,0
8124,0
354,2
4075,2
4128,2
3181,2
3773,2
7713,1
8714,2
4193,1
8158,2
7822,0
2996,0
472,2
8613,0
8974,0
8954,2
2848,0
868,0
9143,0
7959,0
1506,2
7688,2
3352,2
2742,1
9390,0
8474,0
5328,1
3914,2
1075,0
6213,1
6854,2
4379,0
9246,2
4832,1
5327,1
7130,0
5991,0
7267,2
73,1
4626,0
8699,1
8336,0
6798,2
4459,1
1101,0
9599,0
7764,2
5702,2
4807,0
118,1
2022,1
9948,1
5537,1
2034,1
4301,2
8723,0
3661,1
1219,0
8288,2
4229,2
2995,0
6153,2
2510,0
3351,1
3314,0
4560,0
6637,1
6708,1
177,1
1643,0
9352,2
3015,0
1374,1
1720,1
6084,1
8804,0
2264,0
87,1
3772,0
8745,0
403,2
7387,0
9072,2
9412,1
8057,0
2456,2
7607,2
2214,1
1027,0
9765,2
1421,0
2436,1
3919,0
5851,1
9147,1
1278,1
9059,1
4982,2
6037,1
6698,2
1978,1
1061,2
4038,1
4606,2
9852,2
6423,1
1502,1
8626,1
3614,1
4189,1
5820,0
4993,2
678,2
3755,2
2927,2
6850,1
7677,1
102,1
957,1
9791,2
8555,0
6611,0
8739,1
6569,1
2732,2
6391,0
5974,0
7382,1
3912,0
418,1
9796,1
8879,2
3110,2
1947,1
8437,1
2299,2
4602,2
9636,1
3933,1
3019,1
3379,1
8284,0
528,1
1233,1
779,0
4053,0
4978,1
4092,1
1860,0
8493,2
8777,1
5314,0
9463,1
1992,0
3860,2
7521,2
5384,0
6916,1
2876,0
2471,1
6735,1
3145,1
4771,1
1396,2
1489,0
4822,0
5053,0
1042,2
9951,1
7528,1
7364,1
257,0
8029,1
8674,1
7929,1
7500,1
2089,2
7812,0
503,0
7773,2
8873,1
1345,2
5715,0
5123,2
2248,2
9953,0
372,1
8509,1
3481,0
2006,2
6840,2
4328,1
9768,0
9956,1
4194,1
8675,1
2102,2
997,2
8240,2
3400,1
1176,0
551,1
744,0
5652,0
3187,1
7625,2
9935,1
4762,1
9853,2
6950,1
7724,0
7656,2
4393,0
8687,1
7942,2
9191,1
7627,1
3065,2
693,1
2533,1
4597,1
982,0
8797,2
79,0
9683,1
3319,0
9253,2
9551,1
3208,0
9102,1
5246,2
261,1
2142,0
8891,2
2268,0
445,1
4957,0
4537,2
4541,1
8575,1
3263,1
1701,0
2526,2
3469,1
68,1
1168,0
48,0
1053,0
84,1
880,2
2651,0
9754,1
2439,0
8898,0
7522,2
1467,1
6834,1
3130,1
2441,1
6824,1
230,1
1320,1
41,2
777,0
9010,2
3686,2
1729,2
7376,1
579,1
3971,2
7053,2
7237,2
3148,0
1491,2
8839,2
5753,2
61,2
4686,1
9249,1
6630,0
402,2
332,2
2084,1
8350,2
164,2
6360,0
2715,2
8982,2
5266,0
2755,0
9833,0
8344,2
1334,0
7320,0
1659,1
7829,1
753,1
7107,0
706,2
7033,2
8616,1
9938,0
9644,1
8973,0
9618,1
9043,1
1834,2
7778,0
5508,0
5519,0
8670,1
6223,1
8179,1
9332,1
7731,1
6935,1
8589,1
2246,2
835,0
8449,1
3649,1
432,1
7886,0
6077,1
8408,1
4052,1
9052,1
1193,0
7038,0
7074,2
3295,1
7021,0
3143,1
4877,0
2729,1
7337,2
433,0
8620,1
7106,1
9153,0
104,0
6240,1
1656,1
1533,2
9675,2
1332,1
5313,2
7191,0
1443,1
214,1
5894,2
6785,1
4564,0
3883,1
1419,0
3872,2
8532,1
181,2
9255,0
8758,0
2446,0
5402,2
2970,2
5769,1
6851,1
3139,0
8091,0
4304,1
70,1
544,2
1204,0
4924,0
4568,2
9166,1
3790,0
9742,0
7070,1
8384,1
6297,1
5011,1
8771,2
877,2
9404,1
196,2
9808,0
8078,1
4607,1
2571,0
4246,1
7346,0
8686,1
9428,2
6252,1
4864,0
5418,2
3123,2
2868,1
2718,2
8713,1
3813,2
4631,2
2963,1
9394,1
8730,2
2682,1
8969,0
3473,2
8807,1
6194,1
218,0
4883,0
4808,1
9446,1
2543,2
5296,2
1244,0
420,1
6321,1
2058,2
9454,0
8262,1
3535,1
5168,0
1166,1
254,2
415,0
9235,0
3298,2
9534,0
759,1
1385,2
654,1
1201,0
2413,2
6959,0
4343,2
6013,0
5375,0
6205,1
2830,1
6874,1
328,2
4337,0
6085,2
4950,0
2063,2
6669,0
8448,1
9782,0
3328,1
9988,1
1281,0
8024,1
2636,2
3438,1
6532,1
4553,2
2945,2
7398,1
3921,0
8396,2
2663,2
8337,1
1282,0
6422,2
1362,0
1437,0
9690,0
3555,1
56,1
6933,1
8535,1
7341,0
1844,0
9851,2
8631,2
8645,2
2880,0
1743,2
8453,1
9487,2
4254,2
8778,1
740,1
8786,0
8349,0
1624,0
524,2
6687,1
7914,0
5507,2
6827,1
3307,0
435,2
3057,0
5094,2
308,2
1565,1
2631,0
5680,1
6560,1
401,1
6847,1
881,2
434,0
7224,1
5171,0
7389,2
8461,2
4894,0
5821,0
6277,2
288,1
6865,1
8379,1
2623,0
6029,1
476,2
7132,1
9211,1
5399,1
4480,2
3780,2
737,0
3235,2
5414,2
6650,0
5712,1
5646,0
4960,1
4220,0
7692,1
5838,1
6041,2
6508,0
1839,1
1995,0
2399,1
9234,1
7055,0
4185,1
5589,1
800,1
3582,0
5762,1
1405,1
7770,1
69,1
9297,2
2759,2
9070,2
1586,0
7963,2
5665,1
1074,2
9335,0
4224,1
9171,0
9129,0
2603,0
6217,0
1579,1
8000,0
6022,0
3666,1
409,0
9057,1
6180,0
5684,2
10049,2
3903,0
3091,1
2726,1
477,2
1329,0
2283,0
9704,0
7252,2
1777,1
6189,0
751,2
7441,1
6932,0
9645,2
6123,1
6752,0
5064,2
3979,1
5270,1
5228,1
468,0
1545,0
6405,1
2683,1
7292,1
6275,0
1025,2
4048,1
6516,2
9346,2
2354,0
9220,0
9262,1
773,2
3154,0
8868,1
4292,0
7762,2
641,0
9857,0
3941,0
4170,1
8598,1
1108,0
5551,1
7699,0
1420,0
7322,1
4010,2
4984,0
5303,1
5013,1
5581,2
7925,2
1680,1
7631,1
633,1
2569,1
7366,1
2166,0
363,1
7593,1
2825,1
8216,1
9922,1
7628,0
6095,1
3635,1
10007,0
4273,0
4598,1
1172,1
8732,1
9222,2
9651,2
2576,0
1989,2
7078,0
5479,2
5368,2
3316,1
9000,1
2628,2
9989,2
1410,0
7900,2
5269,1
5729,2
3460,2
7425,2
6654,2
815,2
2404,2
5478,0
10019,1
2131,1
1797,2
3090,1
4250,0
6407,2
3122,1
7610,2
9263,2
122,1
179,2
9310,2
8748,1
5338,1
8869,0
6887,2
1157,2
8185,2
1532,2
7935,1
7637,2
9170,1
1535,2
8909,1
3846,2
2605,1
3879,1
7146,1
7566,2
2177,0
8329,1
2351,1
7636,0
3620,0
2134,2
1480,2
2793,2
4995,0
9842,0
9997,0
4696,2
3355,2
6134,2
9571,0
7168,1
5830,0
4156,1
3944,1
1952,2
555,1
5199,1
1163,2
1584,0
6244,0
3550,0
5924,1
7864,0
8855,2
8026,0
8484,0
1598,2
7288,1
300,0
8464,1
9722,2
6270,0
6060,1
3274,1
9625,2
4404,2
2858,1
7082,0
3142,0
1359,2
4604,0
4058,2
3205,0
8177,1
486,1
9123,1
4417,1
7949,2
3905,1
4932,0
5955,1
7470,0
1152,1
7042,1
9803,1
10004,1
8881,2
4949,0
3299,1
9215,2
9764,2
8324,0
5395,1
5979,1
665,2
3464,1
5496,0
9879,2
642,0
9302,0
176,1
6135,0
9973,2
9472,2
786,2
6487,0
6455,1
6967,1
3202,1
5614,2
5461,0
8054,1
91,0
6755,1
5817,2
9566,2
3522,1
1971,2
2905,2
530,2
6621,0
996,0
3520,1
7498,1
8585,2
8768,2
2312,2
2154,1
6930,2
1427,1
4672,1
6125,1
8846,0
6221,2
3085,0
9161,1
6604,0
7217,1
4226,1
6437,1
495,0
8253,2
2321,2
5623,2
3518,1
151,1
6774,2
694,0
5382,2
8223,1
1738,0
3001,1
167,1
6137,1
4694,1
2865,1
8602,0
3873,1
2883,0
3031,1
8028,0
8590,2
4253,1
4123,1
3459,0
8563,1
2276,1
7136,0
5790,0
8113,2
7440,1
9299,0
7478,1
428,0
7173,1
6460,2
9279,1
426,0
2223,0
100,1
9438,2
9085,1
2762,2
5944,2
6718,1
9233,2
9694,2
3286,2
7275,0
7924,2
6324,2
6160,0
6651,0
9295,0
8980,1
1465,0
5044,2
2234,2
1744,0
5805,1
6187,0
5825,2
4447,1
9060,2
6315,1
9294,1
4076,0
9682,1
5431,2
9483,1
2121,0
7855,0
6365,1
3910,2
9068,0
916,1
8607,0
7359,0
5155,1
3161,1
3443,1
6586,0
8572,1
5503,0
7844,1
1203,0
3894,1
5028,1
4461,0
1926,1
3114,2
2641,0
4024,0
7468,0
6480,0
2562,1
7719,0
2728,0
7918,2
5406,2
8976,2
7808,1
7233,2
2626,1
3992,0
8310,1
8900,1
805,2
4706,1
3698,0
5649,2
4262,2
3931,0
3685,1
5239,0
1242,2
7049,1
9465,0
8574,1
547,2
3022,0
8429,1
4129,0
26,0
5027,1
4341,0
2508,1
1433,1
2582,2
1302,0
5899,0
6618,2
8872,2
4420,2
1221,2
7669,0
2548,2
750,1
437,0
4441,1
3411,2
4028,0
2847,1
1173,1
7756,0
2699,2
5676,2
6004,2
4700,2
2481,1
4022,0
8499,1
2706,0
6065,2
326,2
1039,2
2637,2
5577,0
2499,2
1004,1
2861,2
3233,1
1870,0
7917,1
7403,0
8440,2
6382,1
534,0
5340,2
8062,2
8435,1
585,0
9977,1
3035,2
5839,2
2585,0
1703,1
5559,2
5651,2
491,0
8305,1
6181,0
2836,1
2266,0
4851,1
3942,1
6587,0
4779,0
7635,1
2900,0
8102,1
2944,1
1916,1
3185,1
7020,1
7911,0
7362,1
4313,2
8009,0
8188,1
7562,2
8782,1
2518,1
397,0
1317,1
5981,1
121,1
2449,1
6021,0
3229,1
1566,0
1984,2
6364,0
8023,1
6557,2
4049,0
6156,2
2173,2
3283,0
8551,1
8642,0
2333,1
573,2
3782,1
9135,1
981,0
5798,1
3502,1
1407,0
535,1
6114,0
8850,2
9539,1
8376,1
1434,0
7990,1
2579,0
6558,1
3269,0
9615,1
7971,0
8849,2
1867,1
1454,1
1786,2
9975,1
4192,0
2521,1
4509,0
1820,2
4528,1
2929,2
51,2
4742,1
6388,0
5547,2
3577,1
469,0
2629,0
5264,0
9453,1
4077,1
8087,1
4329,1
1858,0
9594,1
865,1
9021,2
7318,0
9538,1
4326,0
9284,0
4190,2
7448,1
8936,0
425,2
188,2
9430,1
4428,1
228,2
8093,2
9185,2
2741,1
1041,1
8799,2
9200,2
7231,1
9498,2
471,0
2921,2
1905,1
8935,0
801,0
1487,0
8496,0
227,0
4161,2
1128,2
6443,1
7207,1
2208,1
5286,2
8960,1
4275,0
8853,0
3153,2
4511,2
7614,2
9389,0
6309,2
9660,1
2144,0
8419,0
6161,1
2374,2
2577,0
1632,2
4906,1
2298,1
7361,2
156,0
3857,2
9575,1
3349,1
2879,2
3413,1
7234,0
8263,1
5467,2
9494,2
5321,1
5594,0
5909,1
8944,0
7919,1
4867,2
9560,2
2495,0
6810,0
2372,1
9415,2
8910,0
3461,1
4294,2
8273,2
7278,2
8896,2
5114,1
4574,1
2550,0
6070,2
847,1
3344,1
938,1
4899,1
5165,1
8922,1
8668,0
8209,1
9470,1
9785,2
756,2
4823,1
2644,2
4228,1
4353,2
3165,0
3639,0
4525,1
6596,2
7876,2
4002,0
5422,1
2357,1
3418,0
9967,2
2061,0
549,1
6940,2
2812,2
8835,0
9055,2
2549,1
6162,1
3169,0
6680,2
4902,0
9557,2
1259,1
7991,1
7198,1
8035,1
1024,1
6464,2
752,1
4074,1
3834,1
5474,2
1951,0
9655,2
351,1
1511,1
4903,2
7189,1
3870,0
7150,2
701,2
3815,2
3662,1
3995,0
7594,1
561,2
2318,2
3098,0
6400,2
3150,1
10002,0
4366,0
5912,1
3573,0
4112,0
4151,1
4747,1
6432,0
1047,0
2939,2
1808,2
3166,1
414,2
1340,0
9431,2
9462,0
5137,1
4705,0
4681,2
7474,0
1469,1
1710,0
4472,2
8790,2
2271,2
1583,1
1412,0
7201,2
8386,0
8068,2
1722,2
2024,0
2212,1
1507,0
2622,0
5371,0
9188,1
1321,1
842,1
1146,1
3624,0
4347,0
4279,1
9046,2
8899,1
463,0
1754,2
5920,0
8871,1
9522,0
7039,0
4772,1
6414,1
378,0
3106,1
8270,2
1335,1
1223,1
6448,0
2716,2
5737,2
2952,0
1350,1
1082,1
6870,1
5506,1
6426,2
1811,2
8161,1
1351,2
9320,0
5400,1
1894,1
6739,0
565,1
4032,1
5152,2
3673,1
4436,0
7654,2
1212,0
1189,0
7213,0
898,2
4773,0
4060,2
6653,1
8955,2
3454,1
3609,2
5360,1
8823,0
9739,0
4345,2
4419,1
4387,2
4407,2
2332,0
8003,0
2262,2
6879,2
6729,0
2595,1
7306,0
3593,1
8729,1
1030,0
4999,1
7205,1
3774,2
6239,0
7435,1
6387,2
5459,1
5931,0
1755,0
4344,2
6625,0
7111,1
231,1
7738,1
110,2
5538,0
6808,0
2514,2
6050,2
8805,2
4792,0
2917,1
3909,2
2992,1
2317,2
4921,1
4359,0
7299,2
1515,2
216,2
9490,0
9121,1
9326,1
2263,2
5407,1
4572,2
9108,0
6250,0
893,1
1490,1
3003,1
1850,1
5278,2
8033,1
324,1
1215,2
2899,0
2933,0
3658,1
7487,2
6773,1
6392,2
8644,1
8447,2
9786,1
1129,1
9962,1
2918,2
4031,2
8061,1
9157,0
3955,1
7585,1
208,0
3254,0
2795,0
8852,1
5273,0
798,1
9165,0
734,1
2244,1
178,2
9568,1
7113,2
1174,1
8988,1
6742,1
5935,1
1831,2
9952,2
4367,1
9530,1
7748,2
7374,2
8147,2
198,1
8042,1
5775,1
9344,1
1097,2
548,1
7012,1
4502,2
4392,0
4623,0
3369,1
6972,1
2532,0
1634,1
2314,0
6753,1
6989,2
6025,2
2815,1
3437,2
6210,1
8163,1
66,2
8259,2
616,1
1118,1
3260,1
3401,1
3692,0
937,1
6901,1
2572,2
6476,0
6418,2
622,0
1681,0
2126,2
787,1
3332,0
5100,0
1092,2
3891,0
9050,1
5095,2
6631,1
6032,0
3280,0
8775,1
2201,1
1160,0
5664,1
3592,1
4429,0
9753,2
6341,1
8764,1
478,2
1352,1
4377,0
7596,0
2647,2
8515,2
7681,2
6373,2
7537,0
2589,2
1033,0
7846,1
6550,0
2598,2
8252,0
4680,0
8525,1
4521,2
7558,2
7711,2
5666,2
3717,1
8316,2
3964,2
4554,1
3617,2
1425,0
4132,0
2919,2
3819,1
1871,1
5570,1
480,1
7630,0
5014,2
9662,2
2888,2
6786,2
6409,0
527,1
5824,1
722,1
5197,2
4794,1
220,0
9248,0
1935,0
344,0
8387,1
4121,1
6536,1
4992,1
4016,2
9471,0
6014,1
6226,1
9214,1
8421,1
7139,1
6648,2
2391,1
8746,0
4397,1
8231,0
1983,1
8301,1
1554,1
4302,1
9155,0
7075,1
4280,2
5145,0
6956,2
5298,1
2881,2
1677,1
4372,2
1964,1
901,0
7236,1
3068,2
2296,0
9983,1
4267,1
296,2
8836,0
5196,0
27,2
4477,2
6784,1
7429,1
5928,1
3248,1
7772,1
2580,1
4474,0
1370,2
9917,1
7508,1
6615,2
5785,1
681,1
3159,0
2987,2
1882,2
1940,2
3296,0
3534,1
3729,0
6312,2
1181,0
1375,1
5290,1
626,1
2112,2
7726,1
8603,0
7703,1
7091,1
4230,2
1462,1
2887,0
5081,2
684,2
7316,2
9593,0
1366,0
3916,1
2639,2
9520,1
9097,0
5905,1
2300,0
2938,0
7458,2
9794,2
5092,1
1979,1
3803,0
8492,0
4401,2
4638,1
4800,1
2280,2
4505,2
4376,1
6765,2
4130,2
6152,1
9871,2
1784,0
3182,2
494,1
7471,0
2860,1
6129,2
4041,0
8176,0
2897,1
366,1
849,1
5263,1
8767,1
4368,0
2653,1
3503,1
1541,1
4770,0
8925,1
322,0
2031,0
813,2
7678,2
9797,0
1079,2
2226,0
9196,2
5657,0
2705,0
6927,0
4630,1
1164,2
3261,1
4265,1
1450,2
3862,0
6196,2
9240,1
7226,0
4963,0
8214,1
6308,0
6713,1
4561,2
4056,1
9573,0
2999,1
9084,1
1231,0
1514,1
2313,2
1451,1
4532,2
6067,0
8588,1
6800,0
838,1
9978,0
7512,1
6510,2
8560,0
3567,2
9324,1
3087,1
8701,1
1714,1
339,0
9619,0
6030,1
5193,0
8203,1
6408,1
588,0
3365,2
2670,0
3589,0
34,2
28,2
7108,1
4657,1
2170,1
5216,0
6343,2
889,1
7011,0
3322,2
9456,1
3514,1
5417,2
8406,1
6690,0
3733,0
9525,1
9026,1
1654,1
9237,1
223,2
8683,0
4504,0
4239,0
1590,2
6072,1
3256,2
4692,1
4843,1
2181,1
6906,2
5358,2
6888,0
4862,0
1209,0
421,2
8798,1
1706,1
1158,2
2306,1
273,1
171,1
3956,0
9848,2
3188,0
1725,1
7219,0
5740,1
1564,2
1782,1
843,2
9405,0
7957,1
904,0
5998,2
9732,1
9793,0
1547,1
2080,2
5908,1
3985,2
6485,1
5316,0
8489,1
6666,1
8261,0
3820,2
2646,0
5144,1
7265,0
5424,0
6639,2
7109,2
7538,1
2155,0
8420,1
3715,1
4057,0
7436,0
3102,1
558,1
4682,1
4448,0
1436,0
507,2
1869,1
755,0
5500,2
4050,2
5331,1
3836,2
2118,1
6245,1
7084,2
501,1
9140,2
5048,2
1539,1
6234,1
1211,1
9182,2
672,1
3377,0
8842,2
1464,0
1192,2
7089,2
1872,1
3590,1
6828,2
505,2
243,1
506,0
8248,1
9529,1
4740,0
8803,0
1773,0
5743,0
4981,0
797,0
9729,0
8422,0
2829,1
9379,2
9095,2
312,1
746,1
3569,2
790,1
2476,2
9385,0
2570,0
9213,1
5294,0
4355,1
2163,0
8368,1
6429,0
380,0
8718,0
1292,0
1912,1
599,1
3892,1
4141,1
1652,1
5304,2
1893,1
1944,0
3395,2
5561,0
4362,2
9831,1
375,2
1966,1
3957,0
7619,1
7586,1
5070,2
9304,1
5369,2
1471,0
3346,0
6347,1
2853,2
9048,1
9837,2
6556,2
4062,2
7432,1
4306,1
6925,1
7355,1
5593,2
3990,2
1049,2
9338,1
7072,1
7977,2
2035,0
4039,2
5312,1
9414,1
1972,2
4847,1
2099,1
1499,0
6322,2
652,2
170,1
4085,2
242,1
5795,2
4371,0
7077,1
2756,0
9209,1
5527,0
2076,0
4103,0
9621,0
6350,0
5157,1
7784,1
9230,2
8918,1
9985,0
9433,2
9397,0
5427,0
7016,0
8381,2
4078,1
640,1
1270,1
2778,1
1985,1
3861,0
3480,2
1534,0
325,1
2338,1
3980,1
8941,0
4054,0
2237,2
7212,1
9730,1
4817,2
864,0
5770,2
7551,0
8728,2
371,2
6390,2
6069,0
5857,0
8964,0
9506,1
7974,1
2364,0
3213,0
911,2
9107,1
7204,1
9632,1
8488,0
8629,0
7704,1
1423,0
9869,1
479,0
662,2
8992,0
9042,1
8192,0
2988,0
1119,1
2776,1
5638,1
8127,1
6749,1
9423,1
4427,0
7539,1
3981,2
6447,1
2893,0
2669,1
3977,0
5339,1
279,1
6832,2
9816,1
9861,2
1694,0
8971,1
3479,2
4416,1
7701,1
6292,0
5405,1
8677,2
7893,2
4296,2
4665,2
4918,1
2209,1
9432,2
5584,2
184,1
5853,0
4919,0
4516,2
2350,2
553,1
1397,0
1384,1
4816,0
5138,0
297,2
443,1
8239,1
2077,2
7928,1
2229,1
2842,2
2537,0
6351,1
8361,0
8654,1
3367,1
6126,0
2578,2
1131,1
9351,1
320,0
1371,0
4042,1
6260,0
5549,0
907,2
6051,1
3950,1
4786,2
9603,1
6795,0
9616,0
8882,2
8463,0
926,0
8524,0
15,0
143,1
2363,2
129,2
1161,0
5958,0
7454,2
8136,1
9932,1
4818,2
1876,1
2488,2
4826,2
9905,1
1182,1
8366,2
5436,2
1170,0
2182,1
3371,1
9836,2
1859,0
4934,1
4850,0
7948,0
6452,0
4938,1
7493,0
5705,1
3121,1
387,0
8074,0
1032,2
7965,1
8339,0
931,0
4019,1
691,1
5379,0
6758,2
829,2
3498,1
2081,0
8970,0
9502,0
44,0
3939,0
5337,1
4671,0
4319,1
2965,0
3969,2
1187,0
284,1
10013,2
4159,2
3092,0
4556,1
4656,2
4323,0
5860,1
5403,0
3364,2
7743,1
3195,0
5688,1
969,1
3734,2
925,1
9558,0
8673,1
5710,1
2851,1
5259,2
7181,1
9532,0
7923,0
4471,1
5225,0
4348,2
8016,1
3626,2
1789,0
8348,1
2059,0
4013,1
1902,2
8193,0
9429,1
75,1
2345,1
9145,2
430,2
4586,1
5118,0
4775,2
8326,2
7283,2
1553,1
240,1
783,1
3066,1
977,1
2941,0
5458,1
4802,1
1620,0
2146,0
1801,2
2095,1
6167,2
5325,1
1357,0
8178,1
6143,1
8423,2
6110,1
9994,0
8827,2
5524,0
1609,1
3096,0
5617,2
2415,1
2017,2
6111,0
4125,0
9864,0
3246,2
124,1
6521,2
5389,0
7571,1
9217,0
3341,0
598,0
2123,1
7203,1
6366,1
8142,1
9723,0
2197,0
4051,1
6147,1
3362,2
6954,2
725,0
5009,1
978,1
808,1
5143,2
1475,0
7851,2
9096,1
7443,2
3962,1
6518,0
9550,2
1235,1
1225,1
9559,1
6363,1
5376,1
8999,1
9668,2
3217,2
287,0
5098,1
2966,1
3164,2
6094,1
8946,0
1657,2
1975,1
2397,2
452,0
8145,0
4768,1
3681,2
422,1
6705,0
657,0
3301,2
9598,0
2845,2
6105,1
7606,1
1001,1
4198,1
2418,0
7590,1
5365,1
3847,1
961,0
1580,2
5082,0
2206,1
8117,0
5965,1
4231,1
757,1
2284,2
7293,2
4828,2
5128,1
807,2
6017,0
9333,2
1956,2
2445,2
8217,2
8939,1
6231,1
2402,0
1073,0
8468,1
4240,1
8566,1
2091,1
4527,1
7308,2
6897,0
9727,2
7530,1
5950,0
6939,0
1003,0
9159,2
6661,1
5756,0
4651,1
9980,1
1485,0
7716,0
1411,0
5453,2
709,0
5206,0
8157,1
7317,1
3076,1
5994,2
4101,1
10060,0
2722,1
9419,2
1268,2
2462,2
6876,1
268,1
3580,0
4750,2
6369,0
5018,2
5235,1
6700,0
2821,2
5518,2
589,0
8025,0
9533,2
7047,1
7765,0
7945,1
5544,0
10043,1
2028,0
8138,2
677,2
5848,0
1232,0
5377,2
7209,2
8604,0
6552,1
2432,1
9175,1
9904,0
6128,2
6329,1
896,2
1611,0
8624,2
5595,2
7568,0
3806,1
6113,1
8108,0
4701,0
3961,2
6803,2
890,1
5120,0
7615,2
6973,1
6582,2
7036,2
6902,1
2799,0
584,2
3268,0
3932,0
1260,1
6027,2
310,0
7902,0
5020,1
6300,1
5969,0
4668,0
4298,1
3783,0
1008,2
8409,2
2185,1
3623,2
7144,1
5945,1
9735,0
9717,1
4834,0
9422,1
4756,1
5151,0
90,1
6064,2
9077,1
7670,2
8019,1
2117,0
2937,0
6535,0
983,2
8481,0
8825,2
2925,2
5466,2
3214,1
9374,1
5580,1
7143,2
4972,2
627,1
8123,1
5202,1
4765,1
1601,2
9656,0
1269,1
128,2
5970,1
1711,1
7975,0
4235,2
5271,1
2398,1
5515,0
9407,1
8482,0
1186,2
8174,1
9855,2
6101,0
1977,2
9950,0
4247,0
7781,1
915,1
1305,1
7310,1
3049,0
9583,1
1273,0
8170,1
2796,0
1398,1
3358,0
183,0
8736,0
5780,1
6215,1
5396,0
6263,0
7092,1
4567,1
8153,1
2656,0
8364,0
6961,0
1961,1
4891,2
8187,1
7028,2
10037,2
1251,2
3176,1
7873,1
9755,2
7447,2
8432,0
3289,2
6545,1
8784,0
7720,0
5731,1
6991,1
1051,0
4069,1
7254,2
5635,2
272,1
2042,0
4763,1
5046,1
5728,0
5363,1
1086,1
6159,2
8328,1
5550,1
6778,0
4322,1
7050,1
7859,1
5681,2
5601,1
6553,1
6273,2
4709,0
8210,1
5714,2
7612,2
3478,1
9004,2
3924,2
1748,2
732,0
2553,1
6383,1
5244,2
2662,1
5516,0
5922,1
3113,2
3303,2
1344,1
1690,2
6792,1
8083,1
3308,1
1504,2
1806,1
6330,0
8383,1
3791,2
9582,1
8667,2
6157,1
5708,1
7371,1
1848,1
4512,2
2431,0
4660,2
6912,1
5667,0
142,1
8818,0
5616,1
5344,1
3409,2
1117,2
1756,0
497,1
5257,2
870,2
3357,1
912,0
721,2
2805,2
10006,0
886,0
9654,0
6686,1
9887,2
1520,1
8747,1
2746,0
5758,1
5861,0
314,0
1799,0
327,1
9605,2
4204,2
3129,0
6964,1
6838,1
3968,1
5828,2
9725,2
1973,0
336,2
2764,1
7769,0
275,1
2985,1
5730,2
5936,0
3477,0
5317,0
3558,0
2809,1
9173,2
4861,2
6685,0
3416,1
307,0
3908,0
348,0
826,0
9563,1
4482,2
8516,1
3682,1
5963,2
8553,2
2053,1
71,1
6561,2
8856,0
9176,1
10011,2
1666,2
9545,0
6567,1
8122,2
1445,0
5698,0
5703,0
1695,0
2892,2
1574,1
3203,0
4405,1
1630,2
7581,0
1881,0
5112,2
5074,1
8880,1
7645,0
848,0
6088,1
6282,0
5956,1
2877,0
186,2
3779,2
1830,2
2959,0
9301,1
6474,1
1234,2
6061,1
3915,2
446,0
844,1
5858,2
8291,1
2440,0
3103,0
8643,2
9784,1
6074,1
1294,2
5156,1
9076,0
5067,0
3442,2
8506,1
7381,2
7044,2
776,2
9778,0
2153,1
4920,1
5441,1
9554,2
5613,2
7134,1
8487,2
3183,1
8342,0
3199,1
7131,0
1289,1
4581,2
7261,0
8995,2
7255,2
6878,2
4106,2
4126,1
8267,2
3966,1
1879,1
8552,2
9359,1
5224,1
3587,0
7480,2
3865,0
8840,0
4131,2
1036,1
636,2
8372,1
4134,0
5419,2
1083,1
861,2
903,0
191,0
109,0
4455,1
1942,0
7180,0
4331,0
8599,0
2040,0
7439,1
6955,0
9991,0
4659,1
6507,0
2775,0
4145,1
2323,2
762,2
2617,1
2411,1
1094,2
6266,2
7153,1
7032,1
3135,1
6489,1
5040,1
3805,0
884,1
2654,0
5391,0
9341,1
8049,0
7338,1
7735,1
9148,1
9074,1
5192,1
9748,1
2202,1
6200,2
9698,2
1262,0
6483,2
975,0
5918,0
4925,2
941,2
4723,1
2387,1
9790,1
5021,1
4391,2
5148,2
3221,1
3882,2
9500,1
7985,0
9378,1
2789,2
944,1
9601,2
1857,0
8727,2
4108,2
5213,1
8570,2
3255,0
2690,1
7465,0
9115,1
1319,1
7086,1
9943,0
5162,2
5916,1
9597,0
9377,0
6332,0
3475,1
3505,1
4749,0
2477,1
9574,2
6714,0
7453,1
7695,0
5425,1
9926,1
6859,1
1874,0
8573,0
5350,1
5096,2
2904,1
570,1
1448,0
6073,2
6336,2
6442,2
6926,2
6627,2
3226,1
9806,1
3978,0
4383,1
7759,0
3539,2
5767,0
7921,2
2827,0
6843,1
4996,2
1338,1
3262,1
6482,1
6098,2
650,1
2902,0
2258,0
7510,0
3521,2
2730,2
5579,1
4478,0
1596,0
7171,0
2584,0
5522,2
3196,1
8081,0
7791,1
5457,2
1258,1
5357,0
991,0
3504,1
113,1
919,1
2509,1
9464,0
165,1
7786,0
4603,1
949,2
4594,1
5812,1
3770,0
2506,2
5107,0
2850,1
6584,2
6990,2
7550,1
4446,1
4460,2
6909,1
2505,1
1114,2
8452,0
298,1
1675,1
3347,1
2735,2
7932,0
4988,0
9056,2
6497,0
4325,2
6820,0
6000,1
4550,1
5471,2
7960,1
2103,1
5336,1
5900,0
9990,2
8698,0
1837,2
8015,0
8373,0
9515,1
607,2
6127,0
1093,1
5504,0
6421,1
9024,0
4487,0
160,2
203,0
7145,1
5980,0
4933,1
2934,1
7430,0
2435,0
1230,1
8733,2
3046,1
9716,1
5809,2
7775,2
6503,1
4251,1
5660,1
3293,2
4034,1
2725,0
4290,1
4334,1
7789,1
3877,1
7006,1
4753,0
4886,0
857,1
7529,0
8430,0
2561,1
3801,0
2640,2
6103,1
4490,2
2347,1
649,1
2781,1
5736,1
8601,2
8735,1
7030,0
615,1
8526,0
2575,1
53,0
3340,0
7142,0
1705,0
9120,2
5545,1
1493,1
10026,1
5716,1
803,1
4953,0
7037,0
7210,2
990,1
2774,1
7578,2
6515,0
3513,0
7505,1
8455,1
219,2
7225,1
1288,0
3163,0
4678,1
2618,0
3612,2
43,0
7955,0
6817,1
3792,0
3571,0
10044,1
1503,1
5639,1
9892,2
3439,0
1892,1
9383,1
5255,1
1955,1
5167,1
4814,2
6358,0
1505,1
670,1
8983,1
7517,0
897,0
7794,2
2666,1
3193,1
2890,0
7229,1
2621,0
6100,0
6045,0
2,0
2370,2
8027,0
1769,2
8562,0
6118,1
531,0
8681,2
8707,2
9743,1
9260,1
3120,0
9082,1
731,1
3406,1
2339,0
6057,2
9319,1
2565,1
7837,0
7933,0
8246,2
7100,2
6576,1
6711,1
9035,1
1255,1
2104,0
6836,2
6794,0
8696,2
9210,2
4994,1
9029,0
6942,1
5057,2
5933,0
4434,2
3484,2
9915,2
5318,2
3816,1
5814,2
8962,0
7953,1
8510,0
1621,0
9484,1
9799,1
9363,1
8961,1
1096,0
6458,1
9543,2
6896,0
2463,0
7257,0
1788,1
250,1
7502,2
7542,1
6301,2
192,2
820,2
9689,2
5799,0
7301,2
7506,1
4400,0
7148,1
5388,0
4166,2
4951,0
2687,2
4390,2
7600,1
6071,0
4927,2
6837,1
5552,0
2607,2
8215,1
238,0
4015,1
9322,1
2977,2
9276,2
9022,2
5473,2
945,0
6512,1
9104,1
5097,2
6908,1
7642,0
3552,0
10032,1
3360,1
8141,1
2410,2
4507,2
8517,1
3982,1
146,1
7120,1
2294,0
2253,0
3611,1
5353,1
1736,0
7680,2
7768,0
114,0
8919,0
5733,1
9536,2
498,1
7613,0
720,2
7289,1
8902,0
5815,2
3089,1
7332,1
7414,1
6607,1
596,2
9152,2
6188,1
7799,1
5164,1
1647,0
6225,2
7159,1
2700,1
9709,1
1700,1
9003,0
5404,2
7325,2
6149,2
2942,0
6395,2
86,1
2308,2
2677,2
8271,1
7840,0
2594,2
7592,0
1029,0
136,2
6934,0
10016,1
2854,1
4409,1
1200,2
4717,0
9579,2
6693,1
566,1
7372,2
5430,2
3927,1
6148,0
7698,1
7393,1
6671,0
6634,2
8972,0
8330,1
2330,1
3515,0
2187,1
195,0
7365,2
9271,0
5059,2
802,0
6453,0
8005,0
2068,0
5875,1
8802,0
644,0
9434,2
5103,1
5460,2
1637,0
120,0
2981,2
5069,1
3074,1
8987,0
3278,0
2135,0
6945,2
4970,0
6289,1
134,2
8201,1
5324,0
9702,0
6253,0
2559,0
62,2
1358,1
6646,1
5914,1
2467,1
679,2
6899,1
741,0
5307,0
6846,1
3641,2
444,1
8486,0
3258,2
4663,1
1873,1
6462,2
2596,0
1717,1
2912,1
2843,1
4027,0
5488,2
8692,0
9272,1
2556,1
489,1
493,1
690,2
3821,1
602,1
1911,0
1014,0
6249,2
1993,1
7352,2
3757,1
2366,0
5283,1
4370,2
6987,2
7116,2
1361,1
6076,0
1526,1
1327,2
6175,2
7302,1
1551,1
6513,1
9749,1
1337,1
3901,1
3010,1
5041,0
8884,2
2250,1
6632,2
5039,1
2346,2
9342,0
5485,1
2784,0
5694,2
5119,2
7659,1
5555,2
5599,2
6779,1
150,1
2804,2
5961,2
2086,2
3751,2
5612,2
2259,1
4017,0
6206,0
6151,2
2424,1
8149,1
3856,1
859,0
5367,0
7700,1
8274,1
7428,0
8621,2
4739,1
8652,1
4462,2
5528,1
1364,1
1779,2
5957,1
4785,2
6428,0
1818,1
7912,2
4937,0
2704,1
5285,1
175,0
7589,1
2093,2
8558,2
3491,1
1920,0
82,2
816,0
9229,0
7611,2
4396,0
9897,1
5568,2
283,1
4120,0
7588,1
609,2
2915,1
1813,0
1271,1
8346,0
9657,1
2994,1
9959,2
6804,1
7464,2
2642,0
6775,1
4508,0
2305,2
6601,1
7331,1
4195,2
5562,1
4840,2
4655,2
8224,1
4168,2
3849,2
9909,2
8456,1
5253,0
7997,1
5533,0
2414,1
3554,0
4691,2
4498,1
2195,1
5045,1
2600,0
1518,2
4764,1
4314,1
3366,0
6291,2
6681,0
2633,0
7202,2
5633,0
8249,0
8848,1
2434,1
8332,2
6860,0
7067,2
7412,2
4520,1
5587,1
3545,2
6055,1
6083,1
8864,2
5531,2
5444,0
517,1
6203,2
6968,0
9142,1
8075,0
1415,1
4664,2
4456,2
2761,1
4855,1
127,0
3474,1
8084,0
4310,1
2438,0
3765,1
8545,0
5983,2
5927,1
6306,2
9832,0
1473,2
4821,0
7019,2
3560,1
3951,0
49,2
5437,1
9960,1
887,1
2616,2
516,2
3168,0
2949,1
1424,1
139,1
1924,2
2378,0
3197,2
5131,2
112,1
4559,2
4595,0
7406,2
3250,1
4690,1
7514,2
7880,0
4546,0
6919,1
3277,2
9863,0
6692,1
4068,1
4408,1
6243,2
8926,0
7492,2
3222,1
8265,2
451,2
3731,0
9013,1
4986,1
3663,1
2763,0
658,0
7787,1
7785,2
4620,0
999,1
389,0
3407,1
1476,1
2240,1
2386,1
9199,1
992,2
4997,1
3922,1
2972,0
3386,0
7998,0
7065,1
4769,0
1293,0
1824,1
2873,1
4173,0
2535,0
9192,2
1907,0
42,1
9553,1
368,1
1151,2
7865,0
6454,0
7484,1
7927,2
8140,1
4160,1
4287,1
7888,1
6814,1
174,2
1903,2
1099,2
8207,1
3408,1
1538,0
2292,1
9360,2
1363,2
7727,2
6727,2
5260,1
6918,0
7161,1
680,1
9375,1
7757,1
3664,0
1661,1
508,0
166,0
5497,1
8354,2
1006,1
8863,0
1914,1
3494,1
9695,2
9812,2
9537,1
4990,1
2536,2
1104,0
3875,1
7632,1
1752,2
5310,2
5952,1
7076,2
2916,0
8781,1
5754,2
152,2
7800,2
5679,1
3907,0
9195,2
2552,0
2773,2
6191,1
3551,0
3722,0
6740,2
520,0
8148,1
4538,2
6880,1
1822,2
4086,1
9364,2
9858,2
7438,2
7853,2
309,0
7831,1
9162,0
7422,1
3599,2
3622,0
3811,2
6005,1
3450,0
4591,2
205,0
9902,0
1135,2
9444,0
2749,1
3613,0
305,0
1849,0
8351,2
9128,1
1988,2
3240,2
2798,1
4515,2
5630,1
7824,1
3109,0
4939,1
4059,1
1987,0
7263,1
8933,0
6712,0
383,2
5634,0
4307,0
3388,0
3156,1
6053,2
10059,1
2727,1
6427,1
6372,1
8742,1
8593,0
6130,0
3832,2
8763,1
4776,1
4276,1
253,1
7866,1
9652,2
7396,2
278,1
3252,1
2480,0
289,1
6179,0
3075,0
4073,1
7707,0
6499,1
5089,2
9058,1
7391,2
9779,2
8457,2
9017,1
6214,1
8543,0
270,2
6009,1
4570,0
7976,2
8119,1
2971,1
9830,1
8826,0
4207,1
3218,2
1391,0
3975,1
4316,1
6797,1
7452,1
7556,2
83,1
873,0
9667,1
7744,0
4557,2
4500,0
4647,2
2038,2
9756,1
7013,1
2450,1
3954,1
2329,0
9184,1
7149,2
5042,0
9424,1
4746,2
9427,0
8168,2
6590,2
8834,2
7304,2
2401,2
5520,0
1216,1
8753,2
6020,0
6969,2
1064,0
3786,0
4410,0
7182,0
6862,1
5523,1
5996,1
8892,1
5888,2
2161,1
3008,1
1105,1
6754,1
692,1
8292,0
4956,1
6696,2
8536,1
4369,1
2765,0
3929,0
9307,1
8793,2
7639,0
7946,0
628,1
2451,2
6333,0
9313,0
3824,2
9037,1
2652,1
10036,2
3743,1
2176,0
9969,1
9323,0
3318,0
6438,1
2787,2
4105,1
6451,2
1676,2
3947,0
4444,0
2936,1
6760,1
7879,1
5722,1
7922,2
2503,1
8538,2
2369,1
4967,1
5883,1
2217,2
5847,1
2218,1
3326,2
6835,1
3583,2
9886,1
3619,0
7817,1
9878,1
3115,0
85,2
5973,2
2801,2
3671,0
3667,0
9856,2
5158,2
5725,1
4590,1
2019,2
7944,2
2525,2
9504,0
6323,0
3212,1
519,0
5366,0
6864,0
2895,2
244,1
5930,1
4714,1
9267,2
3425,1
7896,1
6821,1
6733,1
6271,2
7356,1
5509,1
2001,2
885,0
869,1
9750,1
5720,2
356,0
9970,2
5451,1
8247,1
7467,1
7814,0
1275,1
1890,2
8744,2
8874,0
9243,2
3563,1
5787,2
4958,0
1546,2
6193,1
2380,1
3823,2
3232,0
8454,0
3306,1
492,1
3499,2
8277,1
1116,1
5637,2
8832,2
6146,0
9930,0
8833,2
8307,0
8281,2
8080,1
3645,1
2500,1
5677,1
5241,2
9640,2
2783,1
6158,1
3809,0
6719,2
8704,1
7926,1
1696,0
5685,1
7281,2
5939,0
2052,1
1776,0
8655,2
3313,0
4781,0
8520,1
6883,1
1592,1
1723,1
215,1
7964,0
9674,2
490,1
9193,0
3483,1
5102,2
5187,0
3431,0
6389,2
7820,2
5513,0
25,2
3512,1
2409,1
3270,1
5209,0
8769,1
1552,2
9257,2
8679,0
3871,0
3402,1
4529,0
979,0
2655,0
1847,2
8079,2
8295,2
7251,2
7407,1
5721,1
515,1
8750,0
9801,1
1102,1
3276,0
7323,2
7497,1
9137,0
9961,0
3996,1
194,1
4711,0
643,2
8444,2
3285,1
3116,1
6575,2
3575,2
9083,1
4320,1
10056,2
2207,1
4552,2
8636,0
3718,0
972,2
4579,1
719,1
6613,2
6155,0
9491,1
3896,1
2803,2
2566,1
4025,0
6198,1
32,2
8362,2
8890,2
9880,2
4063,2
9008,2
5540,0
1697,0
2792,0
2222,1
5818,2
9724,1
3764,1
3866,1
6517,1
8720,2
8998,2
6771,2
7188,2
3758,2
2831,2
3227,1
7915,1
3923,1
3904,1
2277,2
6913,1
1401,0
739,0
4266,1
9924,2
7460,0
9169,1
3851,1
8689,2
2661,1
6603,0
6948,1
674,1
7195,0
9071,1
3841,0
1815,0
8390,1
9900,2
9261,2
4653,0
7420,0
2100,1
7821,1
1673,2
2101,0
4213,2
7063,2
1548,0
7259,1
6502,1
3323,1
7360,0
355,1
5184,0
1461,2
7733,0
9445,2
3220,2
939,2
5147,0
6417,2
5923,1
9773,1
1751,0
8405,0
7706,0
1772,0
1196,1
1878,1
2668,2
3171,0
2016,1
2005,2
8327,2
3893,0
10055,1
3237,0
4424,1
4744,1
2078,1
5219,1
396,2
2788,1
8116,2
6605,1
4072,0
5574,0
8424,0
9569,0
5355,1
9767,1
7760,2
6923,1
1519,1
8250,1
1378,2
5672,0
1023,0
2587,2
9101,0
5621,1
7746,2
5008,2
2857,0
8309,2
5771,2
5842,2
7260,1
5832,0
1629,1
4888,2
4526,2
3523,1
5904,0
7894,2
3607,0
9479,1
5220,0
234,2
7868,1
3796,2
4118,1
6318,2
5001,2
3800,1
7658,0
3899,1
5024,2
1948,1
6361,1
470,2
7664,0
3492,0
6091,1
2671,2
9862,2
2224,0
1106,2
2188,1
818,2
5571,1
4523,2
5793,1
9441,1
10024,2
7567,1
2624,2
7200,1
9452,1
9979,2
9179,1
888,0
6866,2
2437,0
6056,2
7169,0
817,1
8994,0
3414,1
6352,2
2341,0
9089,1
3167,0
1809,1
9292,2
1264,2
5086,1
7563,2
5835,1
5194,1
4449,0
4945,2
4045,2
8282,2
3702,0
1035,1
9316,1
5590,2
1228,1
7747,2
6914,0
5141,2
6551,0
52,1
7434,1
6555,2
8450,1
159,1
7661,0
1587,1
1589,1
9903,2
9388,2
7034,1
6695,2
6174,0
7803,0
3858,2
9876,1
6791,2
2828,0
436,2
5789,1
8235,2
3878,2
1588,2
2780,0
9041,1
8619,0
5686,2
3965,1
4727,0
973,2
1238,1
2951,1
2342,0
9489,2
9421,1
6046,2
2158,0
9535,1
6688,2
1497,1
4545,0
6465,2
4257,0
2422,0
8622,2
5185,0
5647,1
357,2
5242,1
8126,0
9300,2
2092,1
5409,2
2015,0
9119,1
4044,1
187,2
6962,0
3655,0
3426,0
7300,1
1381,1
9481,0
413,1
5037,1
4897,0
3336,0
3606,1
3175,2
2241,0
9770,2
7909,1
256,1
9587,2
200,0
2235,1
4743,0
1767,2
4236,0
6831,0
8505,1
7273,0
1572,1
24,2
3363,1
1088,0
4674,1
2694,1
7691,2
3398,2
3559,0
9216,1
2841,0
2311,0
8388,2
3234,1
4152,0
1309,1
695,0
6768,1
3752,2
6337,0
1227,0
1999,1
276,1
6872,1
7185,0
5929,2
2953,1
3637,2
3906,1
4778,0
5845,0
9760,2
4117,1
7135,1
1137,0
2767,1
2334,1
7816,0
942,0
7771,2
2490,1
9741,0
6290,2
4935,1
3935,1
7061,1
2384,0
115,2
1863,0
10040,2
3119,1
4258,1
6805,2
902,0
2819,0
3822,1
8304,2
6994,2
9150,1
4699,1
8977,0
3802,1
6068,1
5810,0
3536,1
3825,1
6642,1
8700,1
9946,0
4810,1
1946,1
9318,1
7242,1
5335,1
3488,0
1610,0
7889,2
7162,0
4677,1
4959,0
5867,1
8821,2
4761,1
2194,0
8118,1
5701,1
5113,2
557,1
8180,0
5139,2
1207,1
8822,0
7417,2
1510,1
6871,0
3829,1
3732,2
8072,0
3211,0
3630,2
1708,1
1845,0
266,0
5985,1
1140,0
3162,2
6207,0
2046,2
3730,0
1909,0
7415,1
2660,2
656,1
6660,2
1307,1
9254,0
998,2
7540,2
2834,2
9238,0
5880,0
1237,0
2151,0
8579,1
9757,1
7802,2
8289,2
6578,0
5091,1
2186,2
1134,2
5004,1
8089,2
1303,0
8523,1
1627,1
9065,2
1522,2
9872,0
358,2
138,2
299,2
1556,0
5099,1
382,1
8367,2
8333,1
4857,1
3180,2
1439,1
7413,2
5673,1
946,0
2390,0
5498,1
7178,0
9290,0
2721,0
1932,1
7599,2
3236,2
3140,0
4163,2
8947,0
3807,2
9541,1
8931,1
8963,1
6781,0
6997,0
4154,0
4172,1
796,0
2416,2
7363,0
6139,0
785,2
7172,1
6789,1
3158,1
123,2
9519,2
9201,2
2172,0
2169,0
6984,1
4009,0
9356,0
4340,2
910,1
6268,0
7884,2
2309,2
9720,0
3634,0
1257,2
6591,0
4458,1
6133,1
1178,1
4652,1
6218,0
3650,1
442,0
3415,0
1399,2
1457,2
7633,0
5744,1
1054,1
6885,1
3275,2
1463,2
3699,2
3759,2
929,2
5511,1
6468,1
8467,1
1829,0
2928,0
7040,2
6538,0
4221,1
3546,1
5598,1
8997,0
8257,1
8211,1
2011,2
913,1
8303,2
8196,0
3219,1
2606,0
3264,2
4928,1
8719,2
6564,2
8671,0
6,0
2980,2
6583,1
3361,0
4774,0
1943,1
9665,2
5499,2
1635,2
1141,1
2041,2
6815,0
6703,1
7931,1
2070,1
3134,1
5160,1
7874,2
5275,0
2242,1
1474,0
8648,0
1889,0
3435,1
7702,1
7807,0
3705,1
2021,0
4020,0
8889,0
8498,2
3500,0
2658,1
8511,0
6992,1
1130,2
5557,0
7466,2
1819,2
7647,2
7591,2
4318,2
9666,2
4144,1
4669,1
1236,1
5476,0
9898,0
1856,2
2282,0
8751,1
9380,2
4093,1
7166,2
5200,2
6401,2
9992,0
3421,1
9329,2
386,0
8606,2
1628,0
3585,2
7520,1
2714,2
7277,2
8490,0
9381,1
5659,1
6856,1
3189,0
10031,2
4305,1
909,0
5385,2
1996,0
1866,1
1842,2
2497,0
201,1
8018,0
7835,0
5054,2
5889,2
4006,0
9964,2
2702,0
3449,1
331,0
9395,0
9020,0
8325,2
7282,0
2459,1
1774,0
6628,2
8413,2
8101,2
2686,2
9629,1
989,0
9399,0
8403,1
8156,1
8608,1
5806,0
8791,1
9933,1
6574,1
3052,2
8695,0
5462,1
173,0
4954,2
4615,2
3321,1
7170,0
6246,0
6745,1
3372,2
6048,1
3311,2
7524,0
7401,2
8772,1
9437,2
8870,0
4551,0
4679,1
3403,1
18,2
3691,2
8712,2
4096,2
3628,1
8921,1
2174,1
1356,1
5002,2
7499,1
6922,1
5823,0
9564,1
5670,0
3112,2
182,0
3642,2
8916,2
1812,2
7988,2
8497,1
4912,0
5668,1
8600,1
1800,1
9311,2
2429,1
5482,1
6761,2
9901,2
7618,1
1968,2
8394,0
8658,1
9733,1
7969,2
7008,1
4987,2
9818,0
4650,1
1159,1
1213,0
7444,1
1325,2
7621,2
7689,1
4796,1
6796,1
5808,0
5943,0
9343,2
9927,0
1455,1
5410,1
7235,1
8483,2
4962,1
2800,1
1644,2
2140,1
4536,1
4457,1
9011,1
5586,1
4378,1
729,2
4357,1
8055,0
6716,0
1936,1
3793,2
3736,0
2261,0
4005,2
1110,0
9088,2
5480,1
2998,2
2394,0
1185,1
2007,1
193,1
5611,1
2901,2
578,1
6219,1
5525,1
771,2
7952,0
2395,2
1478,1
1846,2
9168,1
4274,1
3740,2
4600,1
9228,1
7940,2
6676,0
6375,1
405,1
9600,2
4915,2
2073,2
4754,0
1896,0
8610,0
6702,1
6317,0
3659,1
6581,2
2379,2
1447,2
342,0
5127,1
3136,0
2527,0
727,0
4577,2
976,0
8446,1
5443,1
9094,1
3516,0
8090,0
9849,0
3940,2
1299,0
9826,0
1348,0
660,2
5886,1
1492,2
10009,0
4589,1
8587,1
5154,1
2315,2
9676,1
9639,1
7024,1
1085,1
2524,1
9040,1
5374,0
3198,0
5751,2
4008,0
5717,2
6657,0
8470,0
8293,1
67,0
8036,1
40,2
2269,2
2381,2
9416,2
8897,1
4916,2
5322,1
5773,1
6232,0
6963,0
3447,0
6816,0
2367,1
7336,0
8358,2
2512,0
9681,1
2723,1
5948,2
9245,1
8635,0
1143,2
9798,1
7155,0
7328,0
8347,1
9280,0
4728,0
5494,1
5755,2
7671,0
3789,1
2220,1
5075,1
2331,1
5394,0
7547,0
8182,0
7090,1
9396,1
4088,2
1967,2
9049,0
8859,0
6757,2
9648,1
4365,0
6999,1
423,0
280,2
1904,1
595,1
8637,1
3917,2
6142,2
5661,1
5778,1
3618,0
6845,1
839,0
4596,1
7605,2
141,0
2597,2
6701,1
9993,1
1377,0
3674,1
8828,1
9958,1
6362,2
4741,1
3808,1
1138,1
2257,1
7978,2
1787,0
3938,1
8014,2
4646,0
459,0
6115,2
9604,1
948,2
3700,1
1336,0
6370,2
4628,1
6286,2
5925,1
5934,2
6040,0
441,2
6659,0
1602,2
2238,1
639,0
9882,2
3830,1
9455,0
6144,2
8100,1
9112,0
6344,1
2501,2
1958,1
1070,1
155,0
2295,0
7890,2
4578,0
1089,1
6049,0
6415,1
2940,1
723,0
4384,2
930,2
2909,0
7958,0
6763,0
8443,1
6416,0
895,1
3247,2
2326,2
7096,1
8650,1
7690,1
9804,2
5038,0
6450,1
4136,1
9308,2
1715,1
1698,2
9752,1
9611,0
10034,0
8279,1
3831,0
6299,2
3348,2
9580,0
985,1
1821,1
4571,0
587,1
9819,0
5077,2
7895,2
8907,1
9584,1
10030,1
5483,0
9937,0
9340,1
5514,1
7696,1
8930,1
5553,1
3557,1
1395,0
264,0
3547,1
6844,0
7737,1
6788,1
3069,2
5025,1
8451,2
3864,1
9132,0
2400,1
6274,1
8540,1
3711,0
246,2
1594,1
9744,2
1529,2
8278,1
923,2
7662,2
7329,1
4364,0
669,1
3604,2
5108,1
1910,2
7276,2
8399,1
5248,2
7183,2
3958,1
6957,1
6026,2
5643,1
2696,2
2591,2
5906,0
1781,0
6509,0
3013,2
7133,1
2307,1
7384,1
3690,0
687,0
6011,1
7071,0
612,2
7167,1
7750,2
3200,1
2267,1
9843,2
6629,1
4135,2
1898,2
9592,1
7828,2
258,2
2924,1
9485,1
4943,1
2822,2
6529,2
3339,0
3525,0
4563,2
9718,0
8021,2
5329,0
5223,2
2285,0
6063,2
4654,1
5000,1
6710,2
9384,1
484,2
2211,1
5416,0
7672,1
2555,0
7,0
3657,0
6411,1
9224,1
4874,0
4402,1
8975,0
5546,1
5297,2
2426,0
6744,2
1814,2
6822,2
9971,2
2274,0
1011,0
1577,1
7264,0
1067,0
1991,1
3970,1
9133,2
5879,1
8485,1
4542,2
9386,0
7193,2
3867,0
9476,2
6823,0
3048,1
781,0
6747,1
2675,1
1749,0
6222,1
8060,0
2791,0
6519,2
5774,0
6357,2
4979,1
8097,1
1091,0
6526,2
8878,1
4627,0
2324,1
6534,1
9031,1
5055,1
2608,1
9080,1
2290,1
1727,0
610,1
4666,0
8166,2
5413,1
343,2
4683,1
8843,2
3750,0
8564,2
9367,1
5999,1
3215,1
97,1
7495,0
7774,0
5176,0
7279,2
6165,0
1537,0
3588,1
10039,2
6985,1
3648,1
2657,1
7663,1
1517,1
5061,0
9516,2
4624,0
4272,1
3669,2
6566,2
5800,1
2090,0
7097,1
6171,1
572,2
9620,0
4688,1
9134,1
3062,2
7841,2
6470,0
7160,2
6633,2
8547,1
8039,1
7345,0
6304,0
8013,1
9501,0
9664,0
4479,0
4948,0
5976,2
370,0
1938,1
2352,1
7127,1
1753,0
3670,2
7298,0
3652,0
5201,1
8022,0
2361,1
4260,1
5432,2
6285,1
4991,2
7709,2
9524,0
3737,2
8204,1
8617,2
8986,2
8377,1
5591,1
1171,0
7370,1
8051,2
8749,1
1422,1
6782,2
9505,0
6106,1
9410,1
8400,1
6339,1
9223,0
874,0
2297,1
2643,1
7640,2
1719,1
5347,2
5932,1
840,1
10000,2
581,0
204,2
1641,0
2014,1
3253,2
7649,1
905,1
631,2
8475,1
7936,0
1974,1
162,0
4998,1
1243,2
9512,0
7877,2
4713,1
875,1
1431,1
8796,1
6868,0
4643,1
5080,0
5783,1
9198,2
8611,1
7531,2
9955,0
7871,1
9499,0
2856,1
1861,2
2659,1
3384,1
9626,0
9838,2
8197,1
8402,0
7462,0
6886,2
4733,0
3331,0
9066,1
8693,2
6404,1
8401,0
9526,1
7060,1
2096,2
2003,2
8462,2
8812,1
4676,1
5017,1
7469,2
546,1
1449,1
3986,0
6900,2
2610,0
1900,2
3920,1
2757,0
6124,1
6397,2
1885,0
9885,1
5738,1
8725,0
5890,1
2097,1
9349,2
5692,1
499,0
5624,2
836,1
3471,1
4697,0
6280,0
8942,2
2171,1
9291,2
5678,0
9244,2
398,1
2010,0
5166,2
5871,0
9854,1
1283,2
9811,0
2448,2
4256,1
1836,2
9658,2
1019,0
5066,0
1326,2
9277,1
475,1
2810,0
8690,1
1651,0
9673,1
1169,2
2528,2
1206,0
6256,0
8040,1
5469,1
9443,0
431,0
7810,0
867,2
2974,2
5236,1
5093,1
5433,0
541,1
5195,2
1132,1
9899,1
4501,2
6354,1
9393,1
3390,1
3888,0
2962,1
4155,2
3259,0
6302,2
6034,0
8031,2
9999,1
2583,0
2813,0
3959,2
2947,1
6643,0
5174,1
6841,2
8353,0
3586,1
9288,1
8103,1
2563,2
2630,1
3190,2
9436,2
7754,0
5036,0
1080,2
4283,2
8111,1
7085,2
2085,2
6345,1
2452,0
4966,0
2023,2
8186,1
9047,1
8776,2
7321,1
226,1
1013,1
6679,1
1929,1
1043,2
5251,1
1404,1
2179,2
697,0
1124,1
7378,1
3895,1
8272,1
5110,1
1778,0
7899,0
2634,0
7187,1
7544,1
7604,1
3489,1
8314,1
1037,1
6093,1
2256,0
8244,2
2613,1
313,2
2649,1
2281,0
6741,0
2979,2
2547,0
5512,2
5132,2
2159,2
7080,2
3137,0
9139,0
5850,1
9928,1
6445,1
3967,0
1428,0
9028,1
2520,0
7950,2
4969,1
1855,0
9511,1
5602,1
7271,2
9931,2
448,1
8657,2
1284,2
5995,0
8012,1
7751,1
3727,1
7353,0
361,1
6279,1
5230,1
9002,1
7295,2
8950,0
7534,2
6251,2
5926,1
5149,0
2460,2
22,2
2066,0
1653,2
702,0
8546,0
2743,0
1376,1
1724,0
2468,0
3754,0
2325,1
460,2
5163,0
4183,1
5526,0
4082,0
1486,0
3678,2
7729,2
282,2
6579,2
4558,2
4308,0
6684,0
4865,2
3537,1
3868,0
7003,1
2581,2
1368,2
9531,0
8251,1
597,1
4351,0
6346,0
9036,0
6379,1
4758,0
646,2
6381,2
7527,0
9759,0
6023,2
9659,1
8069,2
7165,1
3468,1
7910,1
7697,1
2990,0
9995,0
4875,2
2544,0
8653,0
7798,1
5341,0
1567,0
10058,0
4066,1
3988,0
7031,1
2160,0
685,0
7602,1
7897,1
3243,0
5844,2
8236,2
2461,0
4083,1
2837,0
3697,1
7128,0
6267,0
4941,2
5946,2
4583,1
5784,2
4040,1
2230,1
7569,2
935,1
2320,0
4878,2
521,1
522,0
5345,1
9939,1
3359,2
1311,2
3983,2
6494,2
9622,2
1716,2
780,1
8857,1
8286,0
5607,2
5978,2
651,0
3747,0
2196,1
8473,2
369,1
9947,2
9458,0
4214,2
377,2
9508,1
2216,1
8740,0
1613,1
6979,2
7549,1
1827,0
3632,0
962,2
2993,0
6606,1
9734,0
2376,1
8287,0
359,1
3839,1
8243,0
1246,2
7504,0
8404,1
6511,1
5087,1
3694,1
1573,1
6281,0
5439,0
2567,1
3423,2
2037,1
9303,0
772,0
5380,1
9630,1
3562,2
562,1
6683,1
2546,1
5510,1
5330,0
8779,1
4531,1
1674,0
7395,2
365,0
8131,2
9865,0
4327,2
10047,1
147,1
1668,2
3088,0
8903,1
7650,1
407,1
9646,1
7788,0
3456,1
6186,2
4182,0
3576,2
3271,0
4940,2
1031,0
8107,2
6230,0
6592,2
8965,2
9873,0
6724,0
8144,0
8167,1
855,2
3926,1
8605,2
78,1
7088,2
2247,2
8318,0
4026,1
10012,1
9633,2
9355,0
714,0
7451,1
788,1
2279,1
4095,0
3897,2
9034,1
7177,2
9136,0
9514,2
3631,0
8682,1
7297,1
6272,1
424,2
392,1
3191,1
16,1
6335,0
4200,0
2672,1
2444,1
6697,1
6164,1
2601,0
3493,0
6044,0
1459,1
3804,1
9907,1
7394,0
4839,1
593,2
3835,1
9373,1
5683,1
8806,2
5827,0
9810,0
7961,2
4724,1
8817,2
5887,1
2355,1
6036,2
4798,1
2442,0
8703,0
4592,1
8830,0
464,1
163,0
9321,1
9495,1
8460,1
9839,1
9628,0
7380,0
6636,2
241,0
2009,1
6356,1
3084,1
6208,2
900,1
5542,2
6007,0
7993,0
7638,1
6793,0
8860,1
7758,1
4837,1
2293,1
6548,0
7898,1
8092,0
4481,1
5302,0
4605,1
3716,2
9131,0
6140,1
1764,1
6598,0
1549,1
3029,2
8711,1
6298,1
6662,2
6626,1
2044,2
767,1
5693,1
7870,0
7795,0
1508,2
7230,0
7857,2
3302,1
4517,1
4219,2
9138,1
8104,1
3292,2
819,2
1403,1
1382,2
2148,0
6928,2
5671,1
1638,2
5891,1
7427,1
608,0
6907,1
399,1
7247,1
6406,1
882,1
3565,2
4285,0
1179,0
5448,1
4244,1
5218,0
3976,1
2130,2
5078,2
456,1
5582,1
5175,2
1950,1
5372,1
689,0
8911,0
6525,1
9883,0
6488,0
6921,1
1953,2
7634,2
5636,1
7154,2
8479,1
6610,1
2710,2
8625,2
3201,0
4349,2
4138,2
1884,1
8697,1
4485,2
2494,1
5947,2
3036,2
5777,1
3603,2
845,1
542,0
3724,2
4187,1
3679,2
9868,1
7967,2
8541,2
6075,0
7340,1
8280,2
7246,1
9067,1
8345,2
7137,1
2964,0
7559,1
2529,0
7284,1
5772,1
1048,0
7045,1
1960,1
2530,2
8612,2
7603,2
6524,2
237,2
4917,2
6479,1
1133,1
6976,0
5901,0
9117,0
4259,1
5656,0
6097,1
5907,0
7373,1
2978,1
8920,2
9361,0
6721,0
7842,0
8824,1
3138,1
9996,1
1826,0
5548,0
560,2
9382,2
5435,0
4437,0
1442,2
4406,1
9595,0
1689,2
9929,1
9054,2
5962,2
2496,1
8254,1
340,1
2408,1
8414,1
5782,0
4576,0
3725,1
2785,0
1012,1
5280,2
4895,0
7121,0
6549,0
4037,0
148,1
285,1
9713,0
8595,0
6770,1
4443,1
7446,2
236,1
9647,2
7123,2
8412,2
3083,2
632,2
6813,1
2493,1
2665,1
8550,2
8480,0
8528,2
4211,1
3874,2
2817,1
8323,0
9877,0
7426,1
8660,1
8531,1
9258,1
1735,2
7397,1
4255,0
8343,1
2475,1
10048,1
3713,0
9038,0
1804,1
707,2
9251,1
5189,1
5472,0
72,0
7843,1
5101,2
6764,1
1125,1
1241,2
9669,1
2349,1
6602,1
6780,1
4358,1
1343,1
10052,1
8737,2
9813,2
6652,1
1100,2
7327,2
7622,1
987,1
2852,0
630,1
1249,1
3179,1
482,2
3040,2
5010,1
8785,0
7000,0
3273,1
7227,2
3683,0
6674,0
6807,1
9800,2
1316,1
3225,1
1072,0
4815,0
8514,1
5752,1
9205,0
4616,0
3097,1
6869,2
1300,1
7285,1
6284,1
5495,2
5291,1
1798,1
5203,2
8227,0
5047,1
6441,1
8105,1
2359,2
9440,0
3654,1
7052,2
1286,0
9186,0
4445,1
2137,1
6787,0
9814,1
8788,0
9027,1
6894,0
8627,2
7151,0
963,0
6012,1
4882,1
140,2
9092,0
6936,1
6542,2
5243,1
4431,1
406,1
8212,2
8431,2
8685,2
8234,1
4399,0
5252,1
11,2
4760,1
1177,1
2863,2
6471,1
6228,2
2989,1
7117,2
7010,0
8615,1
1440,0
9809,2
2875,1
9158,0
8847,0
7232,2
3726,2
2772,1
454,1
8189,0
1367,0
3712,0
9921,1
1388,1
1000,1
7761,0
3553,2
4114,2
1667,2
3173,0
9457,1
488,2
3230,1
3828,0
8709,0
5208,2
7848,2
5704,2
9701,2
8133,1
703,2
5105,1
8952,0
3291,0
8125,1
9693,1
9081,2
4909,0
4440,2
986,1
9296,2
9122,1
7705,0
6257,0
6089,0
5238,1
1198,2
9130,2
7519,1
6812,0
8320,1
7175,0
4470,2
891,2
1969,2
5757,2
6527,0
6294,2
7595,2
3249,1
6570,2
6638,1
7351,2
9232,1
7473,0
9264,2
8731,0
1239,1
2289,1
2740,0
4585,2
1229,2
6980,0
5178,1
4293,1
1058,1
6262,2
281,1
968,2
3953,1
1939,2
9005,2
1274,1
619,0
8561,0
1742,1
1390,1
2203,2
3568,2
6116,1
10033,1
6052,0
3178,1
3192,1
6099,0
7029,1
575,2
6656,2
7115,1
8861,2
6276,1
9044,1
5897,0
5724,1
269,2
629,0
3081,0
3466,2
6430,2
9371,0
7062,0
9918,2
5543,0
4356,1
2113,0
8219,2
3216,2
3814,0
8321,1
9488,0
2278,0
4599,1
13,2
9285,1
1525,1
2365,0
4648,0
374,1
8578,2
6477,2
525,0
6895,1
3591,2
7904,2
2958,1
529,1
3714,2
4732,1
1394,2
5631,1
6563,0
4703,2
1712,2
9817,0
955,1
6675,1
3453,1
2071,2
9802,0
158,1
7005,1
352,1
6078,0
6236,1
2920,1
8503,2
4644,0
661,1
7057,1
3665,1
7979,0
306,0
4790,1
2356,1
1927,1
9391,2
3427,1
3638,0
1266,1
1560,0
7179,2
4109,0
7867,2
4904,2
7294,2
514,2
894,1
21,0
899,1
207,2
458,2
2430,1
8442,2
3389,2
3911,0
5383,2
552,0
3144,2
6917,0
2056,1
1925,2
634,1
6082,0
8508,2
9330,0
9740,1
105,0
3041,1
1709,0
89,0
7014,1
3174,0
917,0
7833,0
6732,2
1949,2
6368,2
1,1
8032,2
6047,1
2720,0
9874,1
3117,0
9527,1
3762,1
213,1
778,2
3496,1
8876,0
2043,1
5420,2
6154,0
8357,2
8765,1
8465,0
4167,2
3788,1
8586,2
583,0
9974,0
10050,1
116,1
6644,1
9206,0
10014,2
9019,0
1763,1
1875,2
3224,1
526,2
7725,2
2946,0
4473,1
5655,1
6059,2
959,1
6342,0
3633,0
1050,0
3380,1
3676,0
5776,0
9105,2
6573,2
5179,1
1607,1
3610,2
9820,0
6635,2
10061,0
791,1
3056,0
1980,0
3598,0
933,2
7424,1
5626,1
1682,1
4179,0
6446,2
4116,1
988,1
2896,0
3778,2
5658,0
3093,1
3155,1
1823,2
9684,2
1098,0
2844,0
3342,2
38,1
6540,2
9408,0
3356,0
7813,2
8220,0
9287,1
2428,0
5043,0
5346,1
4811,2
8476,0
686,1
4799,0
7437,1
2353,0
6353,2
4569,2
8213,2
2752,1
8073,0
1040,2
7491,2
1265,2
9325,0
7059,0
277,1
5084,2
2382,2
571,1
1435,2
5352,1
5445,2
1007,1
4543,1
8875,2
2064,0
1136,0
5343,0
294,2
2403,0
3998,2
3741,2
9282,1
2719,1
9259,1
5150,1
2808,1
556,2
8985,1
4795,2
2469,1
3738,0
4286,1
2604,0
362,1
6924,1
1704,1
2139,0
3239,2
2383,2
7314,1
4311,1
1312,0
3930,0
6183,1
1591,2
9447,1
2162,2
2396,2
317,1
5233,2
5068,1
4036,2
3020,2
8228,1
5295,1
3972,2
5370,1
4133,2
974,2
7291,1
954,1
9366,0
5016,0
9792,1
7490,1
1640,2
1290,0
1380,2
1933,1
4675,1
892,2
7287,1
4876,2
7906,2
8194,0
9439,0
2466,1
7657,2
1913,0
2736,1
726,0
7214,0
8245,0
1796,0
3845,0
6402,2
936,1
2265,2
824,1
7274,1
1389,1
3564,0
5429,2
7827,0
5690,1
7878,1
1868,1
8202,1
7486,1
806,1
4805,0
9212,0
7511,0
8056,2
4494,1
2632,1
8959,0
8623,2
7832,2
4388,1
145,0
6467,1
2033,1
9187,2
1165,2
2050,0
3760,1
4435,1
3430,2
8190,0
8811,0
7069,1
4361,0
1771,2
3511,1
271,2
8436,1
2032,2
9726,2
3810,2
4346,0
545,0
3241,1
8502,1
9981,1
7564,2
920,0
9178,0
6640,2
7694,1
8230,0
7126,2
4278,1
2983,2
130,0
7980,2
2667,2
7138,1
3223,0
7693,2
5392,0
614,1
9965,0
1466,1
4497,0
3042,2
2419,1
5085,0
3294,0
6737,2
1500,1
1521,1
9177,1
4232,0
7686,1
8820,1
4430,2
390,1
9920,1
7124,1
5913,0
8592,0
4806,1
9014,1
8238,1
8044,2
9844,1
3993,2
9613,1
6609,0
5319,1
7119,1
2421,1
5604,1
1750,1
9075,0
9780,0
338,1
8407,2
1341,2
9606,1
7982,0
3640,2
329,2
8887,2
3004,1
6960,1
4090,1
2322,2
6667,0
7009,0
4197,2
3549,0
8363,1
4203,1
9370,1
9957,1
6185,0
1639,1
60,2
1240,0
5760,0
5136,0
2343,2
2120,2
1524,1
7617,0
153,2
481,2
6122,1
7674,2
7101,0
1762,1
7715,0
9141,2
7479,2
6212,2
4853,0
2711,2
6766,1
4150,0
1333,0
8378,0
9449,0
9769,1
9181,0
3850,1
8340,2
4124,2
9023,2
4788,2
2866,0
1386,2
5941,1
3067,2
9118,1
3629,2
9517,1
9009,0
3028,0
2969,0
8646,0
6136,0
8801,0
4263,1
645,1
9715,1
2074,0
341,0
8041,2
1622,1
7141,2
5796,1
7184,1
8232,1
5475,1
9312,0
74,1
8633,2
9289,1
2051,0
2541,1
1301,0
5877,1
7368,0
1304,0
8428,1
9154,2
2599,1
2573,1
3186,2
2768,2
4831,0
4223,1
9711,1
2106,2
2679,2
1387,1
8991,0
9912,1
7083,1
1279,0
804,1
1555,2
9548,0
4566,1
9731,1
4841,0
3594,0
6035,1
6852,0
8705,0
4177,2
1308,0
3452,2
3695,0
4242,1
2198,1
8966,0
4425,0
6150,1
943,0
822,0
5005,2
6612,1
8356,2
5619,0
4547,2
2538,2
5207,1
9576,0
9069,1
3054,2
3675,2
7776,1
7218,1
6722,1
3300,1
3310,0
7221,0
8519,0
5954,1
832,0
3462,1
7643,1
54,1
3451,1
6305,1
1481,1
4873,1
8038,1
3335,0
6016,2
4926,2
5797,0
9893,2
5083,1
6645,0
5490,2
768,2
2065,2
9562,1
7311,2
8477,2
4524,2
2717,1
2079,2
8914,2
951,2
8058,2
2482,2
1759,2
4422,0
6704,2
5182,1
8533,2
3701,1
4243,2
688,0
3432,1
4944,0
966,1
9546,0
2713,1
4757,1
9607,1
6320,1
5975,1
3572,1
5299,0
1990,2
1205,1
4971,2
6783,1
3600,2
6490,1
8609,2
10042,1
8070,0
8577,0
7973,2
1625,1
536,1
8766,2
7970,1
4212,2
6456,1
3507,2
8393,0
7112,1
2708,1
5031,1
6514,2
4662,0
4021,1
1854,1
9486,0
2872,0
3030,0
1645,1
3417,0
3476,0
9614,0
1792,1
3797,1
3368,2
7196,0
9703,2
5109,1
6024,2
8795,1
9354,0
126,2
5959,0
3876,2
4451,2
7147,2
3531,2
827,2
7790,2
984,2
7783,0
2443,2
8554,2
345,1
814,0
6166,1
5779,2
2116,0
793,0
6898,1
2674,1
94,0
4225,0
3756,2
2891,1
2371,1
9448,1
3228,0
7863,0
6359,2
9256,1
7326,2
6028,1
1865,2
4612,0
2645,1
2243,1
5373,0
2336,2
950,1
1120,2
2204,1
419,0
922,1
8669,2
5408,1
5788,1
5742,2
7667,1
5567,0
8135,1
1202,2
5765,1
8389,2
1970,1
4018,1
3687,1
1997,2
4033,1
1248,2
2192,0
2712,1
2190,0
4670,2
5142,1
5984,2
6565,2
7804,0
6943,1
2136,0
1065,0
600,2
4227,1
7577,2
77,0
7546,0
2898,0
4820,1
9362,1
6413,1
9064,0
8007,2
5468,1
5951,0
3391,2
5415,0
2560,1
8162,1
2635,2
5256,2
3530,0
8567,2
1908,2
235,1
1604,2
7984,0
3490,1
1994,0
2824,0
9345,2
1342,1
8512,1
1619,1
5287,0
2060,2
10018,1
2219,0
6038,1
260,2
9425,2
9093,0
3744,2
2026,1
6988,0
4234,0
1917,1
1828,0
6233,1
9392,1
6283,2
4208,2
224,1
8915,1
6469,1
9906,0
846,1
4289,0
5560,2
2551,1
117,0
8837,0
5966,0
8195,2
8659,0
7489,2
5,2
5342,0
9111,1
4324,2
1063,1
2590,1
8434,0
3735,2
3517,1
6986,0
6767,1
5622,1
1605,2
1733,0
9401,2
3812,2
9686,1
1761,0
5401,0
2739,0
2472,1
6738,0
6891,1
7943,1
4206,0
6371,1
232,2
8258,0
7561,2
6168,1
3596,1
6288,1
4632,1
125,1
7641,1
6229,1
1296,2
1976,2
9542,0
9497,0
5750,1
8152,0
3086,1
9336,0
6882,0
9365,0
7673,1
3345,2
8172,2
9482,2
5870,2
6506,2
2797,0
918,1
1646,1
5122,0
5126,1
4621,1
6809,1
364,1
2125,2
8150,1
8717,0
55,2
638,2
302,2
5811,2
1276,2
4432,2
3644,0
4143,1
2878,1
6493,0
5240,0
9468,2
6937,2
7240,2
2593,0
2393,1
523,1
6376,1
6981,2
6677,1
3900,1
9696,1
5585,2
9420,1
7956,2
7570,0
6777,1
671,0
4188,2
666,0
3266,1
1887,1
8472,2
9091,2
7687,0
6031,2
6090,0
6238,1
7350,1
7830,2
760,1
6254,2
1906,2
3818,1
6269,0
4300,1
5569,1
7941,2
4164,1
5971,1
3579,2
2832,1
5449,1
3472,0
6327,2
137,2
7043,1
4892,2
2180,0
7730,2
3177,1
4854,0
4637,1
5115,1
7648,2
4261,0
1331,0
7002,2
6941,0
8017,1
6241,2
10051,1
6881,1
4530,2
4673,0
6996,0
1252,0
3374,1
2814,1
4719,1
6544,2
4858,0
7901,2
8580,2
8427,1
1077,1
4363,2
770,2
8865,2
249,0
7239,0
3419,0
4976,0
4544,1
5565,0
7939,0
716,1
9714,1
2048,2
5997,1
6600,1
7245,1
4178,0
4809,0
9544,1
7140,0
7190,2
1460,0
5989,0
2000,0
8175,0
404,1
384,1
9510,2
9549,2
1633,2
9617,1
4784,0
9518,1
6970,2
3925,2
4158,2
7449,1
8415,2
2193,2
1015,1
5124,1
7418,2
7409,1
8989,0
2871,1
9,1
1838,0
4804,0
255,0
7026,2
5713,1
3324,0
7714,1
1581,1
924,1
2779,2
7891,1
6132,2
5320,1
7312,0
7102,1
6042,0
3775,2
4835,0
4964,0
539,0
7483,1
2745,2
3719,2
6819,1
9337,1
4468,0
667,1
7575,2
8549,2
5063,0
1353,2
7114,2
9835,0
8662,1
2703,2
3330,1
8053,2
3584,1
9503,2
5645,0
3376,1
1256,0
6190,0
9442,0
5348,0
4175,0
4910,1
1852,1
6316,2
9916,2
2105,2
133,2
5029,0
928,2
823,2
7576,1
1531,1
1214,1
504,0
6530,1
3072,2
9086,0
8647,1
6619,0
9273,1
3709,2
9643,1
4849,2
4748,2
4268,1
9941,0
8905,0
4186,0
5301,1
2923,0
6588,1
1810,0
3486,1
7419,0
3141,0
9347,0
1324,0
4312,1
7494,1
8702,1
8691,2
9565,2
5541,2
6172,0
1540,1
9409,1
2681,2
9945,0
6313,1
1191,0
5293,1
1542,0
7056,2
2539,0
953,0
7241,1
6731,1
4846,0
6801,1
8010,1
4330,2
8924,0
5334,1
7330,1
9348,1
4729,1
6541,0
5305,2
5161,0
7860,1
2156,0
1062,0
1167,0
3636,1
7651,2
5588,0
7192,0
4491,1
7266,2
4980,1
8335,2
10015,2
4946,0
2782,1
717,1
2502,1
4360,2
4171,1
8082,2
9822,0
395,1
7186,1
9884,0
4492,0
1365,1
9588,2
8787,1
5917,2
4968,2
2914,2
5644,0
3766,2
3440,0
7357,0
6806,1
2143,0
5104,0
5073,2
1571,1
4079,1
1122,2
2786,0
2967,1
2504,2
5988,2
8867,1
7164,2
728,0
7587,2
7543,1
412,1
5745,0
7668,0
825,0
3267,2
3974,1
8808,1
8306,0
417,2
6748,0
8967,2
2082,1
8945,1
3373,2
5726,2
4107,2
4380,2
7723,0
1066,1
3913,1
5536,1
8002,0
5387,2
5732,1
2738,0
5052,0
4000,1
2427,0
6833,0
1687,2
851,0
6303,2
9087,1
5878,1
8527,2
2839,1
4611,2
9540,2
9207,1
2489,2
6905,2
7390,2
2849,1
6665,0
5881,0
4452,1
7421,0
6484,0
2479,1
6617,2
2141,2
5188,0
9766,1
2744,2
7253,1
3506,0
1679,0
4249,2
3147,2
8130,0
7004,1
580,2
4070,1
3343,2
7404,2
3672,2
559,1
5237,0
7805,0
512,0
1081,1
1664,2
9204,0
1931,2
9728,2
1150,1
2838,2
5949,1
8308,1
8932,2
9850,1
5177,1
830,0
8311,2
4752,1
9783,2
635,0
4465,2
6799,1
7987,1
7079,1
6966,0
4142,1
7027,1
9183,1
876,1
4869,1
5315,2
5222,1
4,1
3051,0
5691,0
3124,0
2491,0
3854,1
4777,0
7509,1
6457,1
6293,0
1148,2
574,1
3769,2
4146,2
853,2
5919,1
9358,0
6614,2
6002,1
9163,1
4495,1
8173,2
6655,0
2368,0
4780,1
7992,0
2950,0
5625,0
6971,2
8716,1
1841,2
5986,0
537,0
2806,0
5801,0
5596,0
7206,2
7343,2
7560,1
8096,2
784,0
1409,2
154,2
7806,0
3009,0
1686,0
4014,1
7455,0
3863,1
2733,1
1895,0
5442,1
569,2
6709,1
5854,2
1816,2
8319,0
3394,2
3327,2
10046,1
6102,1
2975,1
980,1
190,2
9331,1
5088,0
699,0
9821,2
606,1
301,2
3420,1
9866,2
1060,2
3444,1
1069,2
2205,2
9435,2
7339,1
8208,1
7679,0
4642,1
7683,1
9007,2
7996,2
5600,2
9151,1
7022,0
4893,2
225,1
3354,1
5895,0
8754,1
3436,1
1693,2
6893,0
1045,1
3446,1
8050,0
9146,2
10045,2
4735,0
4496,1
1218,1
6015,0
9719,2
3987,0
4911,0
9492,2
4493,1
6944,2
5699,1
8352,2
956,2
2869,0
4433,2
4973,2
2961,1
2200,1
98,2
9911,2
2557,2
8445,0
4199,1
9637,1
5539,0
1648,1
6197,1
6295,0
4499,1
1154,0
2255,1
3170,1
7400,1
7158,2
3108,2
4548,1
5423,0
2049,2
9208,0
8815,1
9859,2
262,2
4061,1
5534,1
6616,1
8120,2
8155,0
1802,0
4736,1
2385,2
6694,2
5759,2
1959,2
2976,0
8680,1
1843,0
1734,1
2911,2
8338,1
1986,0
9561,2
6546,1
7098,1
2811,0
659,1
2511,2
4282,0
9339,0
8800,0
6287,1
1930,2
7125,0
197,0
7777,1
2931,2
8004,2
2327,1
4389,0
8958,2
4218,1
202,1
3510,0
4931,1
5535,1
5791,2
1707,1
5172,0
5249,2
6528,1
9910,1
5855,2
8164,1
854,1
4737,0
698,2
3696,0
1636,1
7280,2
7554,2
3581,1
1291,1
6585,1
1853,2
5232,2
3763,2
3304,2
1495,1
7994,2
1998,1
663,1
3748,1
4413,1
5530,1
5575,2
8901,1
7526,2
9474,0
5864,2
6776,1
1306,0
7392,2
5592,1
9721,1
1663,1
5450,0
10017,1
3627,1
2693,1
9789,1
5915,0
3157,1
9914,1
6668,2
1059,0
4636,1
3242,2
1678,0
6892,0
6374,2
7574,0
1757,1
6019,0
5116,1
8755,1
7408,1
2790,1
863,2
7858,1
1484,0
7035,0
7721,1
5977,1
5134,1
206,0
4488,1
6938,1
9062,0
6910,1
502,2
7385,1
1028,0
3840,0
8110,0
5056,0
9762,1
8154,1
2731,0
8996,0
2454,1
7215,2
3104,2
8392,0
6278,0
3099,1
6184,1
3561,1
5892,1
391,1
6736,1
5618,1
5258,1
9687,2
2695,2
2027,2
5463,0
2568,2
8006,0
64,1
2062,1
5276,1
7208,1
8684,2
8571,1
6331,1
4859,0
4887,1
9268,1
878,1
8529,1
7916,1
6863,0
7892,0
6439,0
7869,2
1016,1
9467,2
7629,0
995,2
4297,2
161,1
5675,2
6873,1
9692,1
7989,0
3843,1
1021,0
3073,1
7555,1
3943,0
1585,0
3152,1
8226,2
775,0
9670,2
7099,2
5486,0
6235,2
9555,2
7041,1
2612,0
7513,2
8433,1
8792,0
5393,2
8838,1
3890,2
3556,2
1528,2
1267,1
7734,2
1899,2
4658,2
3005,2
2734,0
189,2
9998,0
9167,0
2747,1
2047,1
7849,1
2558,1
9274,2
8666,0
6396,0
3385,1
4555,1
1184,1
6420,0
5051,0
5311,2
2433,2
6949,2
769,1
1685,0
8322,0
5578,0
4426,1
466,2
6265,0
5734,2
5191,1
5390,0
860,1
7270,0
